ID|CRC32|MD5|SHA1
SCPS-10031|f97c52c|3792049f01c7345ae3a8f3a28ad83083|49df131571e4bf6c7142a3515589174e820606f3
SCPS-10118|8df339ee|91bf940996cb806e6dbb53834a2816ee|7ace30fad8ef23c52c22514e36f3d167368d226f
SCPS-10047|58b36273|84ac4bb3a8783f1dcc9afb742973ba84|8a6074f4aa7ce09b7902068f8efd287d35fc0436
SLPS-00950|93a39fb7|4642194a227bc02feca3ccd3510dcde8|c466baedcca6e00ab42a08f3fbe9d51608f9fcfc
SCPS-10140|6b66648f|e3838d9527c85b8e2b4ca6006dc3d548|8846b2299fb21d68c303415ab4a3bc4f053bf520
SLPM-86456|8f36b3fa|dac30d89093d9614451f59647d4d2301|1723facbb23140713f3b7eab7ff8b05bea4d3a54
SLPS-00040|ac7714ad|78ef8690cee6ec9c8d888254f2008a8a|394f53622b0465dcd8edb2e0cad35ef7387f18aa
SLPS-01300|19287598|8dbd260d57e5a0ab8908b0b034cc05d8|445dae1a2ae4249c56c4b752e50725b91fc27ee3
SCPS-10073|e1394031|edc5fb31d73feb80d95345543d4424fb|7a62ca8705c4ad12d40aa2165a4d122c14a18363
SLPS-00300|f2701555|423e57d0aab463a6a0126439eba6667e|51ad52307a459acf50664500a345ede9152519d6
SCES-00602|0ec64711|9b837fa8e54e10af6572e91dd30070ad|47abb93f34811f69f53fe0a4e20d19108bf94a96
SLES-04164|d1140f3f|1eadf395ff025c0ca47b92d96c4ba4db|f78e2b6007920cfd5ac7cf1f88cb68771154505
SLES-03499|63b30533|193f3f9777fe384cba73e2edb0604352|b909f292332dd46a19268087dfa9d33db361ae3f
SLES-04170|e7c930a2|5deddc6271d3c2b7a00ac13bb3c84856|600167260bb1cc9c29db203f307c3845a84bd3b3
SLES-02866|93d20e6f|e51a248337423be26bea3561f3c02779|36525bb4b290e6048cd41486cf180fd02a786256
SLES-00198|cddc9fdd|32aa78e9ea04ec0b056b6d7716cbf45f|3ec6c572b39e0ab7b19cd24e24e1e2b74b903d8f
SLES-03630|0ba2b491|fe53c9955231ca2de199ce0e64cf1196|6b9a4ceaa9fa22b12b7f97cab4b15c891553abc5
SLES-01247|134c67bf|8a7c38ec772c0fc15a56ab09a743ec83|159e813a9945fdf5f1788f8b30e66446e0e25ae7
SLES-03804|58e654c8|bff22273b6575180361e081031f55fdc|8f2b48bacad54deef6ea47f3ba2f540b62cdb23c
SLES-03591|9b594fdd|f62c749d8cde89ec0a0f36ad4e3de962|69f8959ca95ef501add0bc51033d76822dde291e
SLES-00327|ac2a98de|3ac0687e70b02a62586592002b31053b|e39df5af0c6bc1a958e0082af7621c2826814502
SCES-01909|b64e349f|c938ef0f987e8dda965055975e5fb620|6d602710a38afa577e10a6046b12fbb3f55be9d4
SLES-03594|a81ba194|c28709a96ef6239ce6a8777309413df0|db97281dd0e07aef189afce0f7da1e876e6b44f0
SLES-01333|3fa2ed27|9ed153409a4402ae84a71b9b6659744b|175ccf198ffe28bd3d22493ef761a0e1faea0243
SLES-02193|867f391f|92e1ac76430dad9f5152052283d04ced|4da28ccfd0a53e84dfcc62810ae27c288a1c887
SCES-02845|78dd1918|464ee179832a71ea88c8cfec35df8a75|a9d5415a7edca19503675b8f5e4344b71e5e1bb0
SLES-02619|78384df1|1a623956d08cae3561641eda348044ba|404513f499a8a799e357a28cd821825b486b4af5
SLES-02331|9a806183|9be0f01338c26811a621e2f38335d08|aea1138abb13003282bffa52e407f25a6bcaf155
SLES-02468|7a45f7bd|f4c2e6f029d19a05ddb738bb0f467231|9bad0a9b18547bb2c91625bdb422bc53e254a455
SLES-01137|a33fc6fe|2f56fb91ccf6bafe8c63c820c531613d|91247907b3a77671a9b5a7cc598c0eef4dc264e5
SCES-03907|470d527c|c7df8046cdd5ccf56c5b0d4efb8f5b1|c417ba9bf712cf02a0549f04f55f24fc18ada2c7
SLES-00483|0011ee1c|dc8e29259e895a8634b3cb80e999d146|c0f4ebc24fa5e0b4e8ae21a1bdc8c0d65d4ec947
SLES-03341|542107a6|195fc4bab02f0977863c327e21498837|405ce177ba54906e27590e148529794241b8681e
SLES-03916|a6ec4a36|3efd49d55614a0da61647116d8e281e7|f148b1d3e7cb94325e8f5ecef59a68f70896c0f3
SLES-03251|4e3a2fe4|1cada3baede469fbc63e761ef5b7bbac|b449c40a3d5921584012ac9ea315bf80d991ea65
SLES-03168|bb774447|64422f9f610d286b882712cbfee366a0|94b9d903d13ad8de3639655b1580cd6073a60fe3
SLES-00763|34a1d1ad|bb4b2379aa36e430c21e8211a0d7da95|9be956aa28b98b29457d0e9ad27ae32e310ae19d
SLES-02196|9a961f00|6270c631a43662e08ae624c346ad4223|240ff469b6cc9ca7855b886ec2ba920fb2f0a5ea
SCES-00010|f87bae1d|6a098a3a1454841cf602582e76f7657a|ed08054dc874518db62b7773ba33f0602841fc34
SLES-01663|515fd0c4|ce43a9485780e009f8884ce95ec4ce69|e915ff72d440fa725935b9f399d978d7ce5f74a1
SLES-00234|0e36b837|6201cda3e9209aba3c51095744a782e8|7a40108489f0a42a2c60108709a40c44383d11c4
SLES-02756|dee1735f|a486f9b687dd25a2e78b906b95640090|33363d307f14538eb51003bdf66dcb9c10241bb6
SCES-02873|d85aa5fb|4354fac7001704300f2322487fc432c8|c60823d6ff46ddfffdef09d2b8f6c532eac22d94
SLES-01907|6ec17809|651c935e99db9210d99ccf2ee9f52712|4396b14cfae7d29aecd7ec766f0d80894b0c3957
SLES-00250|84fa805a|fb1a898ef15a2d80d89385812f9647a8|f121584aeac8d4e5bd3f61fe5164bc08aa7efa
SCES-01753|f13600b0|baf18772ebbc21c35fca58058b5e0f10|6d3fa6e93b18e575fd2954053289cfe2843ff55c
SLES-02706|8f291ec6|df2fa85cc99c7db0f88b77a2362bfb8f|53f8a989ecb5a439556a80592d224493c5000daa
SLES-01683|e29fb9f8|9e6bcd2413ddc08422399fb2960397a3|38c73275e356bdb2c0a573e594280ccb6aa45c8a
SLES-03647|33316413|4fa4d7a7904383968314d87c502d9249|b3098e676fa818b51463687e6c3e7e414dbb94e2
SLES-01649|b7291777|c8a41d8ec6bef9a27fd2d42106d547f2|110fb23c7f66591f9ed0662e943fb37c9cb4bb0a
SLES-01987|be711448|20693199da73d5f146d350ad38d55772|de5c91ee6b47da4162499bc7325c322002fa146e
SCES-00657|8113545e|c724176cdc1d2f6b11116c4abf78f69|bbf7fae6a5892756c26e83b53c0ff25c8aebb015
SLES-03551|dad75ce7|fb60291f3b9128ad684b30b0e6b2163c|54e6fc936ded7ae7b573642ff2495086841f8227
SLES-03334|7c851a5c|2ff35198e0efe042bf19c4927b6300e8|89b1ef1610a2c4671254c531091d9dd9d5e5c282
SLES-00442|4e9900f2|b23686af0f6b5142ac86ccbb62647df2|6b11eb99c5b4f2b0dde892cb1882827a356dc901
SLES-02055|674399e7|22d39408b9ac5cdc6b5e1a3b5d65836f|2fb3f2de7e31e33926b6743ed9e9ab9346bbcb98
SCES-01330|ddd43552|767af0b42b48755f33239c264e216aa2|fe8b90464e47c19cb9cfe86f858803329ec9a6fd
SCES-00255|c434dedb|c38bc7fe400042a0b2970fed006d3dff|fb593143259da72cb5dfa8a0f9df32f26a702e72
SCES-02685|8f2e127d|3ea1b8f62b87d5b27c717c6ca7810245|8a997fe955bff9467c02944da831932fe2e93ab4
SLES-00935|d779c876|7239b0767d904fa5c7ce8ca692e3641b|67ea732d9a68ce5f7b0c6bd315c2d440bba795ce
SCES-00005|69f3e286|499ae7860e619a2259d84ace9826ad45|dbd00aa58d1525e164610e54e53265f2130ca3c
SLES-00718|549bdb40|4b89465a0561707ca36c519384bedd74|4e78c2bd8360a44d8b34545d4080d6338a5318a
SLES-02572|b0c6c6db|6b463efc66b826c204b9ab13505fab16|ff3b49bbfd4da34aadd794b513d2e529fdf0e040
SCES-01237|8606a2f4|71432427e376b9717ec142e018f3a448|8a4fde8ca631597cbd6c2b9e447576d50aa0a52a
SLES-00224|9d17a5a5|7913d532f9814619dc850922859bb8a7|726b49f1b5b698fb2c849b8d872a3ea4a38b13e8
SLES-03955|f0d81511|eeedb0780a228f80107d77f757db3702|9803221730624862efd61ce1d99a7d74ec4706d7
SLES-00486|cca538d4|38131e9e1a308d4eeab4c80d016a8367|b4e67cec376472d82539a422aeb38b53f8e86fc3
SLES-00052|87ec7cde|328390d6fb74878dd32731764f544ae0|4264f8765499b750d6ce1ff1f8faed3baf1ad5fa
SLES-00024|7715da35|893f5a736a6f44abd05ae849d46581c0|95db2c4cc925b61857d2e53c6b292c49235b9a3a
SLES-00720|8ab17999|4ee8020aeb442c69cac41d932332d5db|f7cef5b875ba657dce9eb0e277c4d68a4af50eff
SLES-02927|6365f9a9|9a7401b5ac1c606d647fbd35d0edb842|ab80eaf7c08727de9b995771ed4776052720f759
SLES-00376|fe39533e|21cdf7b959b0e59ba277821bb9e8a7a7|30bbeea1be0b487b91b8107911183ae5260c6ded
SLES-03547|143e33de|3d3ef646a22d71c48618dc02543652a4|b89ab580cb13be920e975146ab98d8fe91fcd83c
SLES-01542|dbf6cfb7|a2ed7f709bf834b1294c9f9c3b92376f|9077c4847018d6de3b0e55bbe019522539cd27ba
SLES-02240|aa887422|934556071cd58bed28f4575c02aea6c1|1f8086f94b64e4b850d5309bf1e178dffc71cb3
SCES-02776|c0bab418|6285f0024eaf1a23b7cbff4c8bfe1599|ccc3f197b31147e31b1c52e813ae41915708d4e0
SLES-00627|2e85ebb4|7175ce31639ce0753789eb92ea269f5d|b7121d56a1358207479418abb2c9cd4ba22903b4
SLES-00152|8b5b4ebf|a978a76d2e38167b54c5e4c13a34bf4a|70b9f1cde9b6da0662786c129abba0515153833f
SLES-02340|6ec58c2e|5fcc259bbe122934853f056b3e207c0f|391f9d59c46e0236a0a68f2d69fdefdae1f8acbe
SLES-02910|8a30ffa8|b414124b2356e7d3633ab8f250ccc8b8|fe72e6bd9d3315eabe8b610a41d8f1b259d29e43
SLES-04062|9a049c02|a6de7f24557dafd22869a7a32df618bc|ca86f444ce4d9348fab6be20e5832ccc2af4b605
SLES-01281|fd3e38dc|291d969a3b058d86fdd97a85897f9ecf|5f6142c1ba3d7b2b854a9e25e7ea3d37e2622333
SLES-01981|3a8d5f69|14230984b8cb4e2fb3386358665af6e4|763cd917258c00aba2a4b0032bded5c18dd71dc5
SLES-01334|99989531|6acf60041708e532712206fa157ac88f|fe21da94eec6a02065e36bcf35700682a40769e6
SLES-02214|a0b9f8ce|6aa4097906456ccafd927229ef43e5b8|c62c7d47eed555633fde267db549fac701cb1947
SLES-03513|57131f13|c6e97af94619d35f8ac86ad249912929|2b98e0c8f591ee9cfdc7804ea23384395b60a81d
SLES-10463|2f5b93f3|66828586b3a6ab2d07abe9345d4aa125|3792e019c6d059cd4444b6ac458d05b91a7f737a
SLES-03662|95393b16|7e0feef266f136676db63efd12abdefa|d4bd6e11086525f065b4217db5d3057f285d0719
SLES-00463|42da96d3|8a41133b168568bc56e03b002fa7143|1d465a036f030e6b3c9a28f0252b721a3f056e8f
SLES-01807|f86cba5d|11527fd3b99034f8d2e0ee5f5d65dff0|3cf2f812280f38870571c726aa9b5eed35099e3b
SLES-03972|600dbf72|116dce216eae6ffc5bb24888d4d64daf|52ad9cb0c25f0d247eebe8956a06e278c5aa479f
SLES-01164|7943faba|b3fef00a0d4165f2e039457239db098b|c0afe067ae0383e37e8c9bda6fbfec695de69728
SLES-00586|6d4e0100|1bbb43164d253abb20e6c7d1488ea8bd|efa74e250584139979aacf6a9048eb0eff433f6f
SLES-03686|3c2d3daa|c7b57c6b28008a162a07fcf105fc1346|d7a6ed51b4db898d38150600e7fa2a8903d48772
SLES-02198|bb27bb5d|2957d3cb3701a2c6592fddca5f94576b|9c20ff5af886fbd05f171b52f4996813a30c7735
SLES-03838|09259e1b|d1258491fcfc20c761309f089c3136e2|a3441add8d451b62611619692cf7bec317efa48d
SLES-02590|13f45b4c|2001af72efccf1d8c3916ec025bf5537|ca69d285c542d469667c89138080c53bc858b0e0
SLES-03595|44d2f8df|8cebd1acddf5f906717f1de2530cef3a|f1468afaa1e400b55aa36a146938357be0bda6bc
SLES-00015|148041d1|73131a81f78539c89a4d25c016cc108f|97e99284e2fe0ed8c5e0c22927f72ac923e26a43
SLES-00857|a7201a1e|9ad29dc06aa6a1aad5821b199d7c2174|3c2c869316c9508068fa0c229ffef0d98380592e
SLES-00044|fb327112|b5a24949fbe8d9034454686e8cd901c5|df1417622e509b44c76346ab87da0c0f2e888a38
SLES-01042|ba6364af|fe3fed97cfa81a4f2e6f6b95ceb27472|52e5662ec616486f4b1825d6468c5d8143a37006
SLES-03743|4bbf7b76|6b557b87ef0b06ffe9797cd0612b6125|9bea0253b927d075a27f21eb65bdfc033430b41a
SCES-00007|f69355a7|625863ee8d87848af30c381c0629af35|4f899b00656f81a96bc5a8cd0a634d34e33c57a3
SLES-01647|558b0c2a|8238a7650177e47c34c462b0145f2914|43944196f8e88ded5fb4ec2248d84dfd3dd587f3
SCES-21567|2e9a005d|acdd1868b790b10ee3b695257a0b1277|f4ccedca8f5969ee9d463750ba95f9492de09a0c
SLES-01239|650d5c30|90491afa4bb443c7cf93abfc3848d8d4|4b767996ab1c0d5ffb1a8b5182a8b4408902a692
SCES-11567|e8876f69|17fadf4d28c50cfd93d90b0a9fa484c7|6515d72e105565b2ebcb877a8b82199a2d8d78d9
SCES-01567|85066a49|8ebf1b44daee062bb78529c3014de23e|ed56070f1175dc6dbcd5e70951588fde511605ec
SCES-00902|08aa1f95|e64b3f2abb56a76247d0ee5b96f39aff|e8fbc9050b5e1034f8b1d116c64382543b982c94
SLES-00189|3210c902|ace6849b30c1392ebb39b93236a236aa|af45113b2afe6ab1d4e0dd7faae126a149f9e986
SLES-03963|0a000d32|b6e3a88b0d88d6098324ad624fa06152|58ab1950551601195ceffebde931390d709c7b85
SLES-00270|6ca8bdca|e12e992311214d07cdbd2066062e3c96|c1fda950942d7bf6757c5e6eed1e2763acef7c63
SCES-02066|880a1ef8|62fc939e8866547fc760eb04e02d2e02|327f087ce623eaa06d0f68356f433dbea4683bb0
SCES-31567|33856529|a0d60a0582caa4771fad0bc517a3c9e5|2ab63e52a50a9ecfdf0d42a9808443c6d79c5ecc
SLES-12803|c1be499a|9a47b1e117dbaa4cd885c9b4f5ad9357|2fa117c24aa4ad973bccb98f25496e02bfa4a944
SLES-01748|5822e7b4|f428548c11947cdaa4c12176c09e987a|8edf8e5addd64cf53a9dfe99562142c9ceffabf0
SLES-00466|5c4b59dd|fcdfdb4d4271a09d71c64bdc6b8284ec|bac246580b90edead136c9610844680c7b391342
SLES-00037|c6fb1457|d3d2b9f801f5fcec3352be7beed63b19|a7f62b16e6d2ee257d947112628f93e9d23521a5
SLES-01433|70fb0ade|e1caf800d9b47d7dff19ba4f00e97377|f834fc1d3c743f9f27d225754283f53679e9d40a
SLES-03945|8ef07f85|71f4090bcb39cd4f02e930d754058055|be0f71af249729aa4b1991650cb56a663be38a7c
SLES-00712|16648c5b|2aa779ada308b9c45e0f290a22413036|d24112956480500ed4e69e84bb58e9284ad0aabd
SLES-03324|c80b100a|4a83d7b20e6aa938388d4ff72ec82b36|7e86603b865971ddf43a090ef0f17eff06f85c66
SLES-00578|00aa27ab|da17099f3e13af5c7b19a0ddfc4c38de|db16b0530295b4e469a0730760b7738354426aec
SLES-00739|e9234856|b4628b207ddd41437e2100469d30538|3fe74b9e5f39effb06bd2bee028c02387debcfce
SLES-02803|1e60bc0b|58035985989fca5675a768996b665888|a0132932f33bb570d1790702dd74ad9672f1ae89
SLES-03808|245f9d43|5ba26c1367ac7e7940351e2837347832|297ba965a9e2207d108cbb4243771473f2a26e07
SLES-00909|8499cf06|3b24bc08df133cae85e2224184707afe|aba851c22e2c93648478e89a9450c83544efd277
SCES-02029|8099c0ed|deda67dc6cfb427674d68fbd85774f0|99ece6e3a58a63367999910484d304294928dd1
SLES-02341|4b546494|10bcf588a6922215e0a3e74da6b619d4|a118c54bca32b004732b47082d13fe246eb1bf00
SLES-02339|d9f9b330|3897f30c7a3537d4bb3d7de5cb7a2a29|450bb487f9f40bacb35f27a28e0ba27155ca5770
SLES-00835|2e7cfc77|bc5b7e75a230b770a71801718cd4d6e1|edf4411c98c76f29a9f4375fb48d2bda1dbe56f9
SLES-02764|cf0f8186|a8acc0ab0703133f0be425193172d50f|e150fb2a9034fe8cae808079d414951796e2828b
SLES-01376|30774ae0|5ff6c4981d973c23231da11c6756711b|cd8330f472f2be9a145ed5897c7a2289702b17e8
SLES-02701|97f1235e|7482a910e113c81d314c0c7c2de01857|519f8d81b2a9e608b98a7532155dde80c1e40b79
SCES-00800|33842c80|fabddacead993b5c74bd30c6faa29545|3f471ac7b0e07c99f54229232e5d33bc575c1788
SCES-01444|a1634986|1c3b77563148bf113dd7cabb1b329969|4687105bd43e1353c319158b8145b39ed13f6900
SCES-00002|6fc86240|afef7794b919ba378eccf534ad337d59|ac60c5db9222f261029e659b3f8dbf7e1276d34e
SLES-02493|a9b7b969|e5d35bc4b02e846e69fad0807c136626|595cb661949de60b6091b81546fd7f42be8a0d3d
SCES-00348|c0d1f294|b487ec0252f3fe6ec5bc3d1d4ba4edee|516894df209d6fe4d0329795bc9f383608111fc8
SCES-00700|809b921f|8d6f2489c1b07bb7a9b2602facf9390a|58685c1047c62ae01381f3cd74067dd37092011a
SLES-00278|75319f07|4e86f58dd0c68654ecabd7e47332aab2|96be6566c80420a909e60fa04fbeb832339ab301
SLES-00991|0709ab19|26fe12b8f9012bed489c744a20badf65|5c42caddf709bd2af5c2d38ca15cac55ee14b2c8
SLES-01389|4ba721fc|f32cbeb2aaa0f409595d7ee30015ff0e|eaa19caf14e3080e6580fa76b6e8319f6b2f094c
SLES-02896|ac333476|2b6164c18ef9fa90a7cdbf76f17e0de8|b79129c99d19499f634951e6c5dd03c4a9122b33
SLES-01726|e49626ab|f7a4b28a004fad3295e5e9c8ebf48d4f|e6960c9669e6309145071c3afdab49071135ec34
SLES-02618|20b05aa9|57df87e2c7c68237dd9df9c269f197bd|435fc465bee6a2c3d9a863671eff124c2125d9d3
SLES-01712|b389f2ec|c92361ec01882f707d88fc153009eefa|9e655ce54e058fef4e4090e3920fa8259c45811e
SLES-02854|3ae057d1|beb374b34c92baea44e69a89bc7c52ea|a611bf4e91408ce62680619a26a82d7ddff9c465
SLES-00962|28fab6af|2ec353a634442cfe43d4eaceca6b68ec|7fbe1446a35f6d977ba814e9a30e81c8f74cba05
SCES-01078|00706286|b938afa64cc57608031f43133db19f14|a793f67a0f1fcd3292075f6ac5cffd346c96c69e
SLES-00174|a64d0a68|76a289321de3db0b68f16a40a2374d92|36863e7ba3644b16498e9b4b6ab2f2e0ebfe5a5e
SLES-01893|6de9150b|a361d79d02a293345f3ecc6de287c99c|53374b25fbd324714c8eea4df3807ec67dcc7aef
SLES-00476|5a14972b|ca719f5cac6303d72b09361146497ba5|63b6146d52c03bf24bf90d075583418efd322ffa
SLES-01010|75463c79|da449799f667879da53d900e9a78ce4b|e13d78eb94be223fcaaaf692735f2beac26ca09c
SLES-03215|9a3d9461|5a9e8f2856c9f072bfaa10fa55d1f179|8e11dd7b2b508e9bc9b65cf29bf1619f695d8d31
SCES-00232|7954cf25|d0d2c61958bf34d26df93fc4fefe510d|8deedd877c51778d39a37f9dc0f8642fcb8f1bae
SLES-01722|c4b6d843|b057e60adc75e53d2586ef5fc7c90000|3f3bfdd11f57d2ec61ec1d848e4b66ee8d800a7b
SLES-02856|4e2ad1f0|c52be9af4c8f9e714d5ee9f462958bc4|4112ca01127daedb8c5c526103dc484695bec381
SLES-02849|c4729778|d5f20bd15d6ef29a3247eb7c8b1362ef|6dd7231ab9df394ba2c98f6a87c76fa70e2bcbe9
SLES-02021|c578440d|e53bbb516152a9a634969da9860e7193|f972abb23e0681fd5881d69f91a36524cae53d74
SLES-02732|b0413968|5e4b39f246ad7cc5635950962eaa88d3|aacf06bafcdd13573ef8236016d30160478dba22
SLES-02140|bd04297e|8c50e1573998b063532836243615e7bc|c7c83322c900fa54864caa55985e919007b8f347
SLES-00971|24387776|3917ddbc8e4cab2d618a6ba7f5ae7623|3d8ed929106636cefaf8b37d187c7c0e26247d9
SCES-01762|a6a7442c|6d03ed6668086f1b90999e1593ddd2f|ea3fdd06c3df57bf9f6bdb02d82b4a43becb4c76
SLES-02529|c5493e27|8bedd6769c155d59c0b298e7b3eea089|d08d41b52a10c6795ed43ac0382c59cc8a8c55a5
SLES-01355|fd7491c0|55a338459f420ed25c1277397a9ac67f|d62c05708b8bdb421e0b408ec917a4a7a1b6291f
SLES-01660|9757393e|8ff8f3a0d92ded97c6f0cfc65bb056d4|86fbe098e790fac7d51422d88458020e8dcd5acf
SLES-02531|06becdc7|df1930b3c8f4c1f51262154096235395|d2b4cddf9177273b195a85c1902ed3d85c35b386
SLES-00228|e1de5533|82e9362e2d07562b95427069de7a5e66|ecf19d25047fdd603d6a0f634c48190d3b6d50df
SCES-00257|07f0613b|ef69c2235bb17c4212cad77bd137ec7c|d6f632ff0dab999cf4fecb9b453d3921c2a1a900
SLES-00974|92d572ae|96e0eba91aad17acc7b830bac6c06b15|e6c993e08d2288aa7f2e9a36061e20cb71537f21
SLES-10974|aa5b82f7|34e1ffcf04d1ccd49b64967d485ee481|74587ba6df33f487807cc5b0ddc92d8099a7f9ec
SCES-00001|b1055459|e98dae18e0268b34f22f39831c766889|33b257edc408aa1d262cf8832be20781051c3ceb
SLES-02905|1b160c3d|96024e21b651ed1e434b49bffe8c5d0f|659cb4d2957cad4b67f2b65e3d8873311a83f4a2
SLES-01011|a55ce1fe|7f5bed25075abde0580f8bb84033a0b3|51d4895e90345aa8dd0f9e6242c7044629f7a53b
SLES-02824|e75c86d7|57971569c14139a3b61c1f16be858b64|f38e4154c5637204cc46c6f6a2ecd2e3eafdb9cb
SLES-00858|3cfb0836|4e690c5d4519ee471a82a52f1b74ae92|af4a7aa5a61bba47dcdfe22f5d2ee2019d0ece49
SLES-01973|da547388|daf1cfaa4af08b6cb51a24f8e43996e0|b572d5c01e5cb8f30bc5322728aa3fc3c71eda9c
SLES-03772|9c93460d|c36bab2f37daab5875fc9d98d4ccd757|c9b43b704e16601136ec4639dea22d414ea21402
SLES-00049|a98b7f0f|c7196bd54ce3db47efc41f8870207aa8|78175aedbab7881c77d27d645c1195054bf1a294
SCES-00242|a32d1811|a7c3f87fbdb7dfd69c15265846e1ee52|588bcc418ffc2a2902ba53eca770ca2353b6d2c7
SCES-01922|8f4a6f54|d973d6426c0aaab0b993edf0fc3b1b79|d8c150de1863260f82b56e63303ada2f617fddb7
SLES-00539|a25cf38d|574f37f5125fba0324cb057b878c5a75|a234ef957ca02179305f0e6fe2f295dd4ca156c9
SCES-01706|4d1ab884|7eb26ba47feaed0b6ec526f849dfb45b|d22c6bbb31805d6847e82a858f7fbf9324a74a60
SLES-00056|b39582ea|bb71acb0fcbc88cf2b7e77fb0459c64d|fc768496d73856a84fe01d9a24c931fc858d5b08
SLUS-00402|5a04bbbd|bbc7dbfd10dced150867077b675ac4f2|2c62f4532a4db520120b0cc312dee0778afd2ac5
SCUS-94154|2f5295e0|8724134152a6b177a5b588b06eed0f7|219744d6c212febe08bf51b91ce7f907e0cbc8d5
SCUS-94900|ccd95888|5a8f47a378b4a0c0e9eac8785219fba9|29fa8711d0c23d0dc77c586b69611758990b43b1
SLUS-00662|c16ab5d7|bf2f91b5f53ed9f74c0ef191d824bfcb|cc92123da29280ff91cfd3a05d4a23d8bf066bd6
SLUS-00775|4d0a885c|b786bae18273f13482b41da3aa01d7fc|832247cece6da55c2292d3ea7001e6227e76e33b
SCUS-94570|ed2f7414|7173b34f13fc1a9f1b73d906191acffc|b554ba17c730630af413bca9620d1178d950c82a
SLUS-00006|52d4b0c2|12599401df9c9b01af25e954802cb57|bb3c008b36bae03f04476d7de17beca2619c7b37
SCUS-94244|c86c99e7|7cd81f0e68990e9ff62312319b86960f|1faf8bcf9d4e79536594de9e0bf2590bd44ffa63
SCUS-94426|8987465d|12c59073dc751f4b8f23c34ec731a0c0|c183c562ffd0128f5dc8b46c4ef1c36743741495
SLUS-00668|e2cccb0e|f10fdf1466e6e338b38923b5bcac661d|3139e5f2b66d347647c41f75e01db998da6dd93e
SLUS-00213|80d009c2|27d9b79d9bd2b13cdfc314b4619232b9|dde5ef1c54e77c42dbb50e41c08095e35ed3402e
SLUS-00752|bcc4ca3f|554da2e7e75b19f922f7d0c63c13049c|6a7edba0d219a28c9283f1859bbea1c0c3231e0e
SLES-03401|a5ea1171|14800d6ae2caa38cf33deaec508f9e31|ef6e9bcebdaa56f8063c14acadeb0672b1abc86c
SLES-04177|85a27a8e|e22819e0019334f95e7f335fbe1fcaab|cff3ebbf376b2f9792376c7d1c0ce7bdc978495c
SLES-02025|25812863|fe918865c71300bdf3126829fedd7f2|65407b72a31d852cd882da3c28e218933dfa5e68
SLES-01092|c3f57238|92c4bd429e1584f5b37174a40dce703a|6aaa6fb904b5f4791764942aa875d6fb627defc7
SCES-01232|176b583f|114e8e3526f61b2356846ddb2032dc6|c86371205657e1c1e3574b145df17b5cfa7cca99
SLES-02888|95c12390|a02d5330786c610dcbfae6d91b95dac3|274cae52461df5826cb60d77ea4e51c83f292b6
SLES-00682|05bc9373|fddc130a17156a6903bbdab53e3b3776|3e35a2a76878fb80c6a2360c1d473eb1e690886c
SLES-02895|f8ca786a|8c65d59860d4ceb6bc5bfeedfda3428c|f3849f82feccc18624b28078db7c3bf2a99bb19b
SCES-01763|9ece3843|157d60d11f554937c6dd026f2b447e93|831f0749308f7af6df3690924b4703c7d2b2f367
SLES-01514|9bf9fdf4|90ea764255f74ad92f80cbc4af0d1820|10cebdc131043598dedfe6bad4c4b2ea7dc654f5
SCES-02104|178b056d|117ca2fd2ba15b1eafa01d9ae590ea9d|c476c1e90799ccc49cfcc19ac224dc9d0f4b6987
SCES-03821|3e170c5a|78f7c1f2c98ca1ca54605e416b7ae473|adfbc67dc7528c759e3a0eca6b1e8a39732fe65b
SCES-12287|09b1dd72|5f3e617034409b6ed10540004aef29dd|a97bd4b955ec55bed2ee1f595856c7675a10ec6c
SCES-03699|1ed8e66a|85e6f5ecc76f8d26b379bc32d94ef33b|4a04d0bf1976d8b437ad7af36d6f04eec35ade29
SLES-02036|623cea7a|268fa0a3847e1484449527d970189867|b1a67a2a5a4b95588fb16faa80340f6f0fd53ce
SLES-03625|3eec2856|43cc3ce2a0100a6e6162154e96e18e32|3f54bff13ec3c654ce93c0af60e6162f44afc049
SCES-01912|cbd94cb8|a4d8bc48a733f8bb606dc7c916557127|fa38bd67faf08d83ecd5b4cab896b1b0e76497c5
SCES-02835|36067993|1d5d53580b798099e997e8c0c0202dba|85841684eabf9621af9546c62df48e88f9baf788
SCES-01438|826719a1|bfbb02a671b183864c8187369165e290|55ab792259a711851496e91d5126955bbc4fb868
SCES-02287|6430d852|ff2af5f610cfa7571cf5770595d1ee5f|4735db53afdee77e5e319555e5cc97a8a9a7d8b5
SLES-00284|6896c622|927edecbdcde6695cd2940b87c50b679|977b2e92b6af7d68dec846b9547445bcceb4410d
SLES-02194|9f00ec42|c373bb9d9930fbd6dee2fb9a1883e4ef|bddfc403e51ca03f6aee1ab4e6542a5f16410a7b
SLES-02859|038e9770|c87474fec27eb403d0cce741d29b8eb|9a6f9ca2e89537abe9ca6b3bcbc9c555db9a1110
SLES-02158|efb0e2bd|2a0b9da4f0a1db17d9d7c481df3c288f|a256cc0b39f0cb7d052dbe8216687ed3467f7005
SLES-02282|67c5b13a|163690ea761453e0d9cafec3dc4e3805|492721675e7cbbbdaec8e9ea90ad17ff1bdab3e2
SLES-01796|9a6f72fb|a40a3eb002284b644c31cf24eaf789ec|a421553f392e0323a719d5fdd958595a316eeb8d
SLES-11007|78efac30|b3213ed7daa35d66a2ca255ecafa104c|28b5fb0aec371b16e90bd1cf32812e02fae6a881
SLES-01007|156ea910|a9a62cd859867e26bc8f76989f2f8b75|e2b2f3cd556fcad76b92a0a58d63a6b23a00f1ea
SLES-01345|e27b0540|c8af7b2dd116ca3f14fa0bb68b456b39|cdaaa4c6425580eef1b8ed3a4ba9668385b144e1
SLES-10532|585676cb|f968bb94d9977c63d92e5be986829f18|5409fd3c9405f42dced19bc8bd1e728866f4c479
SLES-00532|35d773eb|f3ebb33079a24a0acd4814658f52fd7b|d0c33e6d362417acbef63f15f6cd6cbab079bb83
SLES-11345|8ffa0060|b0fcbee8dc7aabf7d2ec976ad5a43fa7|b37fe693d7d45378e875c0317528433f2f59ac2f
SLES-00045|6c1fa134|e03b0dd6d8b3a2ab47e9d3f279c1c321|fe545f22557c4d892d91e7f233b5199aab170bac
SLES-03252|19b2d9a2|f7a699dfbf842c029a51b7d9d0ea6e62|4782eef978b7c1256c44e7cb9e71c6ddad0e0066
SLES-02200|857abde4|838570e2937abc915dcc62da6210a0cc|fecc4cf3e2606a0634c91f850265b1db09545c0d
SLES-01216|3ad408c8|aef67e2f97ca0608f6b84c51e6a4a750|b1b3cdd4712a01194d7c4992942c25c7a41bd49d
SLES-00053|8b68418c|de4e6af2a354dc7938df2c4bb048a309|cc52f7d33f3567885efd5a12c85535b1eafc7ff8
SLES-03113|13ba8570|7434602a283b7d1373c27f93dd081048|d859dac4ebbba6b8201cb7732485ac6d8c7221ff
SCES-02834|954753ee|cb34e03d2b26519168babed18c4a87a3|17f6f218fef9d44446d82d315c5d33955cb00226
SCES-00344|7a286053|a8902daaa232a904765265f4d33a697e|cfefa242572119b5d0978cad7c9e5771bcdb10f3
SCES-02105|4987fccc|36a8d6008908a8ded63eb9c5b9fc298a|8408268e3b0c517ae08704d74a07e409c417ad4d
SCES-00967|800ac62f|6fa452d08d7e191cb6315d59d1798ae3|e124f3a1fdf1681285cbab5752572633d3d5a064
SCES-01420|2eac7c8c|ed37cc5feea8ba0c97a10ce1e7685193|909e77c680579e6eec475edde959867dc3887abf
SLES-00477|c7fa7ac0|ba4a225d7d4dc93f840073bd6ae6bec9|dc1732486bbadc7924aa8a1b976c8c74486a3956
SLES-00593|14ee10c1|bfe7849403385e3a6d6e2832e78e8c13|d05c2bfde7959bc3661944532930ba9f61376971
SCES-01615|df34e6ab|bfb5b3e815e03bd70a0709930fc7fd7c|a63370b89ce72b9fc78b46ce152ff8e9ca9579b7
SCES-02283|f3c7b832|54b3633be3cc2a57a754ac17b43acce9|9cd5b8ab1bf4c15abaca3d0e8965aa1f337bbd50
SLES-02605|a9dc331c|f405d96fbb60f04e697ab22b2ab65a41|c884b62a36cbec0ec7036a2ffed999601f2e73c9
SLES-02088|4c5d8415|b1c231fcd1340a6e31ea045262f2547a|ecf15f8f42c9c8238fd8aba807b09fc64432e5e9
SCES-00992|196b3fe6|cec60d15f5b88d905850e2038f90a61c|c7cf242ba0e18d82ec2651c5fa3dbd9c5ab7a9cc
SLES-00326|3df40a20|fb01cea5b8ae33f4bd7548e89a838004|854c564e5d9fdaa16d5473465bbb3c0782b62709
SCES-00568|a86cead3|7fc87cc938a882221c86e1e93ebb6725|d67898f26f81cd82187064280858d0a869520cb
SLES-00872|f019c7fc|98ebcb0941b1203e0ed517115dbf8a19|8485c83beb39a7b7402c1c43c43290039ae65f2
SLES-03990|10e7c87f|5e39231dd66a081d805d4b9babbae7d1|c317412d877cd46b068cfa536ad595c859d7e36e
SCES-02146|f24ca1f7|1b5a28882882cbc2fd13f0687499f5e1|9ef202a114e55f6aed9eb67fc19542c9044754cd
SLES-02111|b91dd256|e7c3e7aeed49af01add5a8766ae24df5|12eb238423eabab0d1cb7c075a1dc4ae36617c3b
SLES-03805|f5d84837|952a178730bf44f0861369bead898a60|9e266c41d8bcd6586635d01f201828bcffb5c82f
SCES-00983|e1059ab4|9aaf83b8ae2eb40acbb6cc50f089fdc9|deb72bbbc7a814933968c6de93ddea25665d4a64
SLES-00343|4ec8cb9d|27ad6c828505434b467a52350655177f|fe5e20eada05213a3bef5184e223dd4115c06d0f
SLES-00206|bd8f503b|86d79b05809c1bc1dd3c288ff87e504a|df3f21237faf23fbcded8f14d1f93449b920de5e
SLES-01759|e3a84ad9|ac43af11a1418cb72fdc574a904e7d4c|ba1ef6b2680e5fbc13dcaecc45a0db1562e84a1f
SLES-02690|9b68d7ce|b84ea301cb0de1f5038748be1fd138a7|743da7fc8c564e48f20dba29009afee275549a82
SLES-00330|a5de23da|c0a47c2472d8baf57d3ed71f91a736d5|9e3e7c0751e52dfde7eb3acebfa9cf91523a9336
SLES-00043|4ea02dac|e8e3a40a14f3c94d9085f9c6fd502061|a55c336f9d17d79ba1b9e4de93c66a06bcdfe78c
SLES-02703|0484137a|40806003c8d005bc7f6f7cc0ebd68bbf|e669fb06528a4f4027d76c443ca1a2716a864799
SLES-02922|b9eaa242|e06e7589b426f83fcc844891c6110192|e9857370684a68b16e278c80ab1bad1aa7a786b
SLES-00526|569304da|fb3d2212ed90d7c8427ca4b98e188d7c|958d0558f294db9700344f061a4262e1ebb85cb6
SLES-01211|76058377|6b5f6c157f32a5f82640f06c912aa475|4dcb0f37e127aa8dd3ad4624b04e07f71b040eb9
SLES-00606|49d0db2c|f40f936f54537b0d2577df1c261fb204|54e97344ffc3ab82aabd11ec98a6a8cdc596089b
SLES-00965|f6162bf2|a1432af0d0d6a8661d04549ef6a8d687|99f5c533271b77306e84469facb6cccc38e247b6
SLES-02020|fece8a70|16b19615e896568a997374fc29c0b293|704b9de870908746790ac9d76f1af63864ab39d7
SCES-02180|99e7f980|f640e2c05a4c9052d9fe12a38633fa51|2a4881742ae196b7f81e45aed393090d59b8ad24
SLES-02466|a55e66f2|cc488ee51a32ff3ccfe5526d35e3a83a|425ae02e83790339f39e89e173037a361a073c7b
SLES-02061|cc55583f|d3d49eb80f045245f76a1f5729a4ceef|e0d97eacd331529a499dd1b951fb74626b4e96e6
SCES-00743|db5bcdeb|53475fb2fbc9212debc638e248ea3bb|a16d2cef54c22d69538ed4e8e642a06ff358d573
SLES-00908|e67e5152|2aa65f0f7e44bfabc700bbed3d5caafd|fd4d5e8ba5c9c368916cfcae71871d2446f9c30e
SLES-00319|46467abb|82d41a813a97c380487b4f7fed09aa38|b43186fc962c4e6f1175dd3eb6611693a7b8a182
SCES-02278|dc4b4b2b|2c55d3e0327c1f27a5d455d26d03a2f4|f4fecd9988a29a63140c2fcfcd996185b4d0f6bd
SCES-00886|e54a9833|888375b654fe6daf1454d5d5b3691e24|5858e2933ea1968c77e1d57ac10196915df296ed
SLES-00837|1b60c5e9|320dbad4c9537069fffee97768b3d497|892cf7e59754b83279746ce4ff81f0371a62d4e7
SCES-03383|96b2a78d|afa1aa1cec536a91047346f001b7c42c|842fcabd46fd03206c6c5c7df4d99595509bd7d
